{"PhysicalHealth":45.83000183105469,"Anxiety":50.0,"Happiness":50.0,"Stress":51.499996185302737,"Bladder":41.0,"Sleep":5.0,"Thirst":41.0,"Hunger":41.0,"Cleanliness":41.0,"Art":128.39999389648438,"Science":25.700000762939454,"Cooking":30.299999237060548,"Maths":41.0,"Music":28.5,"Metalworking":25.600000381469728,"Romance":41.0,"Fashion":35.20000076293945,"Mechanical":41.0,"Programming":15.899999618530274,"Gaming":28.399999618530275,"Movies":41.0,"Reading":13.299999237060547,"CurrentTime":{"Day":0,"Hour":0}}